CREATE DATABASE ecommerce;

use ecommerce;


CREATE TABLE customer (
    customer_id VARCHAR(10) PRIMARY KEY,
    name VARCHAR(50),
    city VARCHAR(50),
    email VARCHAR(100),
    phone_no VARCHAR(15),
    address VARCHAR(100),
    pin_code INT
);

CREATE TABLE order_details (
    order_id INT PRIMARY KEY,
    customer_id INT,
    product_id INT,
    quantity INT,
    total_price DECIMAL(10, 2),
    payment_mode VARCHAR(20),
    order_date DATE,
    order_status VARCHAR(50),
    FOREIGN KEY (customer_id) REFERENCES customer(customer_id),
    FOREIGN KEY (product_id) REFERENCES product(product_id)
);

CREATE TABLE product (
    product_id INT PRIMARY KEY,
    product_name VARCHAR(100),
    category VARCHAR(50),
    sub_category VARCHAR(50),
    original_price DECIMAL(10, 2),
    selling_price DECIMAL(10, 2),
    stock INT
);



INSERT INTO customer (customer_id, name, city, email, phone_no, address, pin_code) VALUES
('C001', 'Ravi Kumar', 'Delhi', 'ravi.kumar@example.in', '9812345678', '23 Ashok Nagar', 110018),
('C002', 'Anita Sharma', 'Mumbai', 'anita.sharma@example.in', '9823456789', '56 Marine Drive', 400002),
('C003', 'Vikram Singh', 'Bangalore', 'vikram.singh@example.in', '9834567890', '12 MG Road', 560001),
('C004', 'Suresh Patil', 'Pune', 'suresh.patil@example.in', '9845678901', '78 FC Road', 411004),
('C005', 'Priya Menon', 'Chennai', 'priya.menon@example.in', '9856789012', '34 T Nagar', 600017),
('C006', 'Ajay Verma', 'Kolkata', 'ajay.verma@example.in', '9867890123', '90 Park Street', 700016),
('C007', 'Neha Gupta', 'Hyderabad', 'neha.gupta@example.in', '9878901234', '22 Banjara Hills', 500034),
('C008', 'Rahul Desai', 'Ahmedabad', 'rahul.desai@example.in', '9889012345', '45 CG Road', 380009),
('C009', 'Deepa Reddy', 'Bangalore', 'deepa.reddy@example.in', '9890123456', '67 Whitefield', 560066),
('C010', 'Kiran Rao', 'Mumbai', 'kiran.rao@example.in', '9901234567', '89 Andheri West', 400053),
('C011', 'Manoj Joshi', 'Jaipur', 'manoj.joshi@example.in', '9812341111', '123 MI Road', 302001),
('C012', 'Swati Deshmukh', 'Nagpur', 'swati.deshmukh@example.in', '9823452222', '45 Civil Lines', 440001),
('C013', 'Arjun Chatterjee', 'Kolkata', 'arjun.chatterjee@example.in', '9834563333', '78 Salt Lake', 700064),
('C014', 'Rohan Shetty', 'Mumbai', 'rohan.shetty@example.in', '9845674444', '89 Worli', 400018),
('C015', 'Megha Nair', 'Thiruvananthapuram', 'megha.nair@example.in', '9856785555', '12 MG Road', 695001),
('C016', 'Abhishek Agarwal', 'Lucknow', 'abhishek.agarwal@example.in', '9867896666', '34 Hazratganj', 226001),
('C017', 'Isha Mehta', 'Surat', 'isha.mehta@example.in', '9878907777', '56 Dumas Road', 395007),
('C018', 'Gaurav Kapoor', 'Amritsar', 'gaurav.kapoor@example.in', '9889018888', '23 Golden Temple Rd', 143001),
('C019', 'Pooja Yadav', 'Indore', 'pooja.yadav@example.in', '9890129999', '89 MG Road', 452001),
('C020', 'Nitin Saxena', 'Patna', 'nitin.saxena@example.in', '9901231111', '45 Fraser Road', 800001),
('C021', 'Rajesh Bhatt', 'Varanasi', 'rajesh.bhatt@example.in', '9912342222', '23 Dashashwamedh Ghat', 221001),
('C022', 'Kavita Rathi', 'Udaipur', 'kavita.rathi@example.in', '9923453333', '78 Lake Pichola', 313001),
('C023', 'Sahil Roy', 'Guwahati', 'sahil.roy@example.in', '9934564444', '56 Dispur', 781005),
('C024', 'Mansi Jain', 'Bhopal', 'mansi.jain@example.in', '9945675555', '89 New Market', 462001),
('C025', 'Amit Thakur', 'Chandigarh', 'amit.thakur@example.in', '9956786666', '45 Sector 17', 160017),
('C026', 'Sneha Iyer', 'Kochi', 'sneha.iyer@example.in', '9967897777', '34 Marine Drive', 682016),
('C027', 'Vivek Dubey', 'Kanpur', 'vivek.dubey@example.in', '9978908888', '23 Mall Road', 208001),
('C028', 'Rashmi Reddy', 'Hyderabad', 'rashmi.reddy@example.in', '9989019999', '78 Begumpet', 500016),
('C029', 'Aarav Bhatia', 'Delhi', 'aarav.bhatia@example.in', '9990121111', '12 Connaught Place', 110001),
('C030', 'Shivani Kohli', 'Pune', 'shivani.kohli@example.in', '9812343333', '45 Koregaon Park', 411001),
('C031', 'Anil Desai', 'Mumbai', 'anil.desai@example.in', '9823454444', '89 Malabar Hill', 400006),
('C032', 'Bhavna Shah', 'Ahmedabad', 'bhavna.shah@example.in', '9834565555', '23 CG Road', 380009),
('C033', 'Karthik Reddy', 'Chennai', 'karthik.reddy@example.in', '9845676666', '78 Anna Nagar', 600040),
('C034', 'Sonali Mishra', 'Bhubaneswar', 'sonali.mishra@example.in', '9856787777', '56 Khandagiri', 751030),
('C035', 'Harshad Patel', 'Surat', 'harshad.patel@example.in', '9867898888', '45 Ring Road', 395002),
('C036', 'Anjali Gupta', 'Lucknow', 'anjali.gupta@example.in', '9878909999', '23 Aminabad', 226018),
('C037', 'Naveen Pandey', 'Varanasi', 'naveen.pandey@example.in', '9889011111', '56 Kashi Vishwanath', 221001),
('C038', 'Ritika Sen', 'Kolkata', 'ritika.sen@example.in', '9890122222', '78 Howrah', 700001),
('C039', 'Rakesh Nair', 'Thiruvananthapuram', 'rakesh.nair@example.in', '9901233333', '34 Kowdiar', 695003),
('C040', 'Divya Chauhan', 'Jaipur', 'divya.chauhan@example.in', '9912344444', '89 Vaishali Nagar', 302021),
('C041', 'Mahesh Sharma', 'Indore', 'mahesh.sharma@example.in', '9923455555', '45 Vijay Nagar', 452010),
('C042', 'Preeti Vyas', 'Ahmedabad', 'preeti.vyas@example.in', '9934566666', '23 Satellite', 380015),
('C043', 'Anupam Sinha', 'Patna', 'anupam.sinha@example.in', '9945677777', '78 Boring Road', 800001),
('C044', 'Maya Joshi', 'Nagpur', 'maya.joshi@example.in', '9956788888', '56 Dharampeth', 440010),
('C045', 'Arvind Kumar', 'Delhi', 'arvind.kumar@example.in', '9967899999', '45 Rajouri Garden', 110027),
('C046', 'Pallavi Rao', 'Mumbai', 'pallavi.rao@example.in', '9978901111', '34 Powai', 400076),
('C047', 'Kunal Deshmukh', 'Pune', 'kunal.deshmukh@example.in', '9989012222', '89 Aundh', 411007),
('C048', 'Nidhi Kapoor', 'Chandigarh', 'nidhi.kapoor@example.in', '9990123333', '23 Sector 10', 160010),
('C049', 'Siddharth Jain', 'Jaipur', 'siddharth.jain@example.in', '9812344444', '45 Vaishali Nagar', 302021),
('C050', 'Radhika Iyer', 'Kochi', 'radhika.iyer@example.in', '9823455555', '78 Panampilly Nagar', 682036);
('C051', 'Rajiv Kapoor', 'Mumbai', 'rajiv.kapoor@example.in', '9834555566', '12 Bandra West', 400050),
('C052', 'Nisha Reddy', 'Hyderabad', 'nisha.reddy@example.in', '9845666677', '23 Hitech City', 500081),
('C053', 'Ravi Shah', 'Ahmedabad', 'ravi.shah@example.in', '9856777788', '45 CG Road', 380006),
('C054', 'Mona Singh', 'Pune', 'mona.singh@example.in', '9867888899', '56 FC Road', 411004),
('C055', 'Sunil Nair', 'Kochi', 'sunil.nair@example.in', '9878999900', '78 MG Road', 682016),
('C056', 'Pooja Sharma', 'Delhi', 'pooja.sharma@example.in', '9889000011', '89 Connaught Place', 110001),
('C057', 'Arjun Mehta', 'Mumbai', 'arjun.mehta@example.in', '9890111122', '12 Colaba', 400005),
('C058', 'Shreya Ghosh', 'Kolkata', 'shreya.ghosh@example.in', '9901222233', '23 Ballygunge', 700019),
('C059', 'Rohan Gupta', 'Jaipur', 'rohan.gupta@example.in', '9912333344', '45 MI Road', 302001),
('C060', 'Sneha Patel', 'Surat', 'sneha.patel@example.in', '9923444455', '56 Ring Road', 395002),
('C061', 'Vikram Yadav', 'Lucknow', 'vikram.yadav@example.in', '9934555566', '78 Aminabad', 226018),
('C062', 'Ritika Verma', 'Delhi', 'ritika.verma@example.in', '9945666677', '89 Saket', 110017),
('C063', 'Anil Kumar', 'Bangalore', 'anil.kumar@example.in', '9956777788', '12 Indiranagar', 560038),
('C064', 'Kavya Iyer', 'Chennai', 'kavya.iyer@example.in', '9967888899', '23 Anna Nagar', 600040),
('C065', 'Amit Sharma', 'Mumbai', 'amit.sharma@example.in', '9978999900', '45 Andheri East', 400069),
('C066', 'Neha Rathi', 'Pune', 'neha.rathi@example.in', '9989000011', '56 Kalyani Nagar', 411014),
('C067', 'Abhishek Singh', 'Bhopal', 'abhishek.singh@example.in', '9990111122', '78 New Market', 462003),
('C068', 'Kiran Deshmukh', 'Nagpur', 'kiran.deshmukh@example.in', '9811222233', '12 Civil Lines', 440001),
('C069', 'Sanjay Gupta', 'Indore', 'sanjay.gupta@example.in', '9822333344', '23 MG Road', 452001),
('C070', 'Priti Jain', 'Chandigarh', 'priti.jain@example.in', '9833444455', '45 Sector 22', 160022),
('C071', 'Ashok Reddy', 'Hyderabad', 'ashok.reddy@example.in', '9844555566', '56 Jubilee Hills', 500033),
('C072', 'Smita Patil', 'Pune', 'smita.patil@example.in', '9855666677', '78 Shivajinagar', 411005),
('C073', 'Deepak Kapoor', 'Mumbai', 'deepak.kapoor@example.in', '9866777788', '12 Malad West', 400095),
('C074', 'Pallavi Desai', 'Ahmedabad', 'pallavi.desai@example.in', '9877888899', '23 Ellis Bridge', 380006),
('C075', 'Akhil Mehra', 'Delhi', 'akhil.mehra@example.in', '9888999900', '45 Rajendra Place', 110008),
('C076', 'Megha Rao', 'Bangalore', 'megha.rao@example.in', '9899000011', '56 Koramangala', 560034),
('C077', 'Rajat Sharma', 'Mumbai', 'rajat.sharma@example.in', '9900111122', '78 Versova', 400061),
('C078', 'Kriti Gupta', 'Kolkata', 'kriti.gupta@example.in', '9911222233', '12 Alipore', 700027),
('C079', 'Mohan Joshi', 'Pune', 'mohan.joshi@example.in', '9922333344', '23 Hinjewadi', 411057),
('C080', 'Sangeeta Nair', 'Chennai', 'sangeeta.nair@example.in', '9933444455', '45 Adyar', 600020),
('C081', 'Ravi Shankar', 'Bangalore', 'ravi.shankar@example.in', '9944555566', '56 MG Road', 560001),
('C082', 'Radhika Menon', 'Kochi', 'radhika.menon@example.in', '9955666677', '78 Marine Drive', 682031),
('C083', 'Naveen Sharma', 'Delhi', 'naveen.sharma@example.in', '9966777788', '12 Greater Kailash', 110048),
('C084', 'Arvind Reddy', 'Hyderabad', 'arvind.reddy@example.in', '9977888899', '23 Banjara Hills', 500034),
('C085', 'Anjali Deshmukh', 'Pune', 'anjali.deshmukh@example.in', '9988999900', '45 Koregaon Park', 411001),
('C086', 'Karan Patel', 'Surat', 'karan.patel@example.in', '9999000011', '12 Ghod Dod Road', 395007),
('C087', 'Shivani Ghosh', 'Kolkata', 'shivani.ghosh@example.in', '9810111122', '23 Park Street', 700016),
('C088', 'Aman Gupta', 'Mumbai', 'aman.gupta@example.in', '9821222233', '45 Juhu', 400049),
('C089', 'Pooja Yadav', 'Delhi', 'pooja.yadav@example.in', '9832333344', '56 Dwarka', 110075),
('C090', 'Siddharth Mehta', 'Ahmedabad', 'siddharth.mehta@example.in', '9843444455', '78 Navrangpura', 380009),
('C091', 'Sneha Reddy', 'Hyderabad', 'sneha.reddy@example.in', '9854555566', '12 Madhapur', 500081),
('C092', 'Arjun Sharma', 'Bangalore', 'arjun.sharma@example.in', '9865666677', '23 Whitefield', 560066),
('C093', 'Madhavi Desai', 'Mumbai', 'madhavi.desai@example.in', '9876777788', '45 Malabar Hill', 400006),
('C094', 'Ajay Kumar', 'Pune', 'ajay.kumar@example.in', '9887888899', '56 Baner', 411045),
('C095', 'Kavita Joshi', 'Chennai', 'kavita.joshi@example.in', '9898999900', '78 T Nagar', 600017),
('C096', 'Rahul Varma', 'Kochi', 'rahul.varma@example.in', '9909000011', '12 Marine Drive', 682016),
('C097', 'Priya Deshmukh', 'Nagpur', 'priya.deshmukh@example.in', '9910111122', '23 Dharampeth', 440010),
('C098', 'Amit Chatterjee', 'Kolkata', 'amit.chatterjee@example.in', '9921222233', '45 Salt Lake', 700064),
('C099', 'Nisha Kapoor', 'Mumbai', 'nisha.kapoor@example.in', '9932333344', '56 Bandra East', 400051),
('C100', 'Vivek Singh', 'Delhi', 'vivek.singh@example.in', '9943444455', '78 Connaught Place', 110001);



INSERT INTO order_details (order_id, customer_id, product_id, quantity, total_price, payment_mode, order_date, order_status)
VALUES
(1, 'C048', 'P048', 2, 2700, 'UPI', '2023-02-08 00:00:00', 'Cancelled'),
(2, 'C005', 'P089', 1, 5500, 'Cash on Delivery', '2023-02-15 00:00:00', 'Returned'),
(3, 'C081', 'P001', 3, 1500, 'UPI', '2023-01-05 00:00:00', 'Cancelled'),
(4, 'C092', 'P038', 2, 7800, 'Credit Card', '2023-02-22 00:00:00', 'Returned'),
(5, 'C014', 'P086', 1, 2200, 'UPI', '2023-03-19 00:00:00', 'Returned'),
(6, 'C096', 'P015', 3, 3600, 'Cash on Delivery', '2023-02-26 00:00:00', 'Cancelled'),
(7, 'C037', 'P017', 2, 1400, 'Net Banking', '2023-01-07 00:00:00', 'Returned'),
(8, 'C097', 'P038', 1, 3200, 'Credit Card', '2023-01-12 00:00:00', 'Cancelled'),
(9, 'C074', 'P038', 3, 4500, 'Cash on Delivery', '2023-02-14 00:00:00', 'Shipped'),
(10, 'C077', 'P075', 2, 2000, 'Cash on Delivery', '2023-01-27 00:00:00', 'Returned'),
(11, 'C065', 'P062', 1, 3700, 'Cash on Delivery', '2023-02-14 00:00:00', 'Shipped'),
(12, 'C092', 'P083', 2, 4800, 'Cash on Delivery', '2023-02-11 00:00:00', 'Cancelled'),
(13, 'C066', 'P030', 3, 2700, 'Cash on Delivery', '2023-01-07 00:00:00', 'Returned'),
(14, 'C053', 'P001', 1, 2900, 'Net Banking', '2023-03-26 00:00:00', 'Shipped'),
(15, 'C068', 'P012', 2, 2200, 'Cash on Delivery', '2023-02-26 00:00:00', 'Delivered'),
(16, 'C078', 'P058', 3, 4200, 'Credit Card', '2023-02-06 00:00:00', 'Returned'),
(17, 'C085', 'P055', 1, 1500, 'Credit Card', '2023-02-20 00:00:00', 'Delivered'),
(18, 'C090', 'P100', 2, 5500, 'Credit Card', '2023-01-06 00:00:00', 'Pending'),
(19, 'C096', 'P036', 3, 6800, 'UPI', '2023-02-09 00:00:00', 'Cancelled'),
(20, 'C008', 'P076', 1, 2400, 'Net Banking', '2023-02-03 00:00:00', 'Pending'),
(21, 'C052', 'P074', 2, 3200, 'Cash on Delivery', '2023-02-19 00:00:00', 'Cancelled'),
(22, 'C037', 'P040', 3, 4500, 'UPI', '2023-02-02 00:00:00', 'Pending'),
(23, 'C026', 'P076', 1, 1700, 'Net Banking', '2023-02-05 00:00:00', 'Delivered'),
(24, 'C020', 'P062', 2, 2700, 'UPI', '2023-03-21 00:00:00', 'Shipped'),
(25, 'C023', 'P080', 3, 3100, 'Credit Card', '2023-02-18 00:00:00', 'Cancelled'),
(26, 'C052', 'P014', 1, 2800, 'Credit Card', '2023-02-16 00:00:00', 'Delivered'),
(27, 'C091', 'P029', 2, 2000, 'Net Banking', '2023-01-15 00:00:00', 'Shipped'),
(28, 'C098', 'P002', 3, 3900, 'Cash on Delivery', '2023-03-03 00:00:00', 'Cancelled'),
(29, 'C018', 'P023', 1, 3400, 'Cash on Delivery', '2023-02-16 00:00:00', 'Returned'),
(30, 'C097', 'P008', 2, 2700, 'UPI', '2023-03-13 00:00:00', 'Shipped'),
(31, 'C028', 'P072', 3, 18000, 'Net Banking', '2023-03-04 00:00:00', 'Cancelled'),
(32, 'C051', 'P034', 1, 6000, 'Cash on Delivery', '2023-01-13 00:00:00', 'Delivered'),
(33, 'C068', 'P054', 2, 800, 'Net Banking', '2023-03-16 00:00:00', 'Returned'),
(34, 'C089', 'P068', 3, 22000, 'Credit Card', '2023-01-06 00:00:00', 'Shipped'),
(35, 'C038', 'P077', 1, 5400, 'UPI', '2023-02-22 00:00:00', 'Shipped'),
(36, 'C023', 'P079', 2, 1700, 'Cash on Delivery', '2023-01-19 00:00:00', 'Shipped'),
(37, 'C002', 'P064', 3, 24000, 'Credit Card', '2023-01-14 00:00:00', 'Returned'),
(38, 'C041', 'P081', 1, 13500, 'Credit Card', '2023-02-09 00:00:00', 'Delivered'),
(39, 'C097', 'P013', 2, 2000, 'Credit Card', '2023-02-19 00:00:00', 'Delivered'),
(40, 'C061', 'P022', 3, 28000, 'Credit Card', '2023-01-02 00:00:00', 'Cancelled'),
(41, 'C013', 'P072', 1, 3600, 'Credit Card', '2023-01-27 00:00:00', 'Delivered'),
(42, 'C081', 'P091', 2, 3400, 'Cash on Delivery', '2023-02-08 00:00:00', 'Pending'),
(43, 'C068', 'P041', 3, 12000, 'Credit Card', '2023-01-23 00:00:00', 'Pending'),
(44, 'C097', 'P029', 1, 15000, 'Credit Card', '2023-02-06 00:00:00', 'Returned'),
(45, 'C080', 'P022', 2, 220000, 'Net Banking', '2023-03-02 00:00:00', 'Shipped'),
(46, 'C007', 'P022', 3, 7500, 'Cash on Delivery', '2023-03-30 00:00:00', 'Pending'),
(47, 'C097', 'P045', 1, 3500, 'Cash on Delivery', '2023-02-01 00:00:00', 'Delivered'),
(48, 'C060', 'P060', 2, 500, 'UPI', '2023-01-14 00:00:00', 'Shipped'),
(49, 'C011', 'P063', 3, 30000, 'Net Banking', '2023-03-24 00:00:00', 'Cancelled'),
(50, 'C075', 'P066', 1, 2900, 'Net Banking', '2023-02-17 00:00:00', 'Cancelled'),
(51, 'C048', 'P048', 2, 2700, 'UPI', '2023-02-08 00:00:00', 'Cancelled'),
(52, 'C005', 'P089', 1, 5500, 'Cash on Delivery', '2023-02-15 00:00:00', 'Returned'),
(53, 'C081', 'P001', 3, 1500, 'UPI', '2023-01-05 00:00:00', 'Cancelled'),
(54, 'C092', 'P038', 2, 7800, 'Credit Card', '2023-02-22 00:00:00', 'Returned'),
(55, 'C014', 'P086', 1, 2200, 'UPI', '2023-03-19 00:00:00', 'Returned'),
(56, 'C096', 'P015', 3, 3600, 'Cash on Delivery', '2023-02-26 00:00:00', 'Cancelled'),
(57, 'C037', 'P017', 2, 1400, 'Net Banking', '2023-01-07 00:00:00', 'Returned'),
(58, 'C097', 'P038', 1, 3200, 'Credit Card', '2023-01-12 00:00:00', 'Cancelled'),
(59, 'C074', 'P038', 3, 4500, 'Cash on Delivery', '2023-02-14 00:00:00', 'Shipped'),
(60, 'C077', 'P075', 2, 2000, 'Cash on Delivery', '2023-01-27 00:00:00', 'Returned'),
(61, 'C065', 'P062', 1, 3700, 'Cash on Delivery', '2023-02-14 00:00:00', 'Shipped'),
(62, 'C092', 'P083', 2, 4800, 'Cash on Delivery', '2023-02-11 00:00:00', 'Cancelled'),
(63, 'C066', 'P030', 3, 2700, 'Cash on Delivery', '2023-01-07 00:00:00', 'Returned'),
(64, 'C053', 'P001', 1, 2900, 'Net Banking', '2023-03-26 00:00:00', 'Shipped'),
(65, 'C068', 'P012', 2, 2200, 'Cash on Delivery', '2023-02-26 00:00:00', 'Delivered'),
(66, 'C078', 'P058', 3, 4200, 'Credit Card', '2023-02-06 00:00:00', 'Returned'),
(67, 'C085', 'P055', 1, 1500, 'Credit Card', '2023-02-20 00:00:00', 'Delivered'),
(68, 'C090', 'P100', 2, 5500, 'Credit Card', '2023-01-06 00:00:00', 'Pending'),
(69, 'C096', 'P036', 3, 6800, 'UPI', '2023-02-09 00:00:00', 'Cancelled'),
(70, 'C008', 'P076', 1, 2400, 'Net Banking', '2023-02-03 00:00:00', 'Pending'),
(71, 'C052', 'P074', 2, 3200, 'Cash on Delivery', '2023-02-19 00:00:00', 'Cancelled'),
(72, 'C037', 'P040', 3, 4500, 'UPI', '2023-02-02 00:00:00', 'Pending'),
(73, 'C026', 'P076', 1, 1700, 'Net Banking', '2023-02-05 00:00:00', 'Delivered'),
(74, 'C020', 'P062', 2, 2700, 'UPI', '2023-03-21 00:00:00', 'Shipped'),
(75, 'C023', 'P080', 3, 3100, 'Credit Card', '2023-02-18 00:00:00', 'Cancelled'),
(76, 'C052', 'P014', 1, 2800, 'Credit Card', '2023-02-16 00:00:00', 'Delivered'),
(77, 'C091', 'P029', 2, 2000, 'Net Banking', '2023-01-15 00:00:00', 'Shipped'),
(78, 'C098', 'P002', 3, 3900, 'Cash on Delivery', '2023-03-03 00:00:00', 'Cancelled'),
(79, 'C018', 'P023', 1, 3400, 'Cash on Delivery', '2023-02-16 00:00:00', 'Returned'),
(80, 'C097', 'P008', 2, 2700, 'UPI', '2023-03-13 00:00:00', 'Shipped'),
(81, 'C028', 'P072', 3, 18000, 'Net Banking', '2023-03-04 00:00:00', 'Cancelled'),
(82, 'C051', 'P034', 1, 6000, 'Cash on Delivery', '2023-01-13 00:00:00', 'Delivered'),
(83, 'C068', 'P054', 2, 800, 'Net Banking', '2023-03-16 00:00:00', 'Returned'),
(84, 'C089', 'P068', 3, 22000, 'Credit Card', '2023-01-06 00:00:00', 'Shipped'),
(85, 'C038', 'P077', 1, 5400, 'UPI', '2023-02-22 00:00:00', 'Shipped'),
(86, 'C023', 'P079', 2, 1700, 'Cash on Delivery', '2023-01-19 00:00:00', 'Shipped'),
(87, 'C002', 'P064', 3, 24000, 'Credit Card', '2023-01-14 00:00:00', 'Returned'),
(88, 'C041', 'P081', 1, 13500, 'Credit Card', '2023-02-09 00:00:00', 'Delivered'),
(89, 'C097', 'P013', 2, 2000, 'Credit Card', '2023-02-19 00:00:00', 'Delivered'),
(90, 'C061', 'P022', 3, 28000, 'Credit Card', '2023-01-02 00:00:00', 'Cancelled'),
(91, 'C013', 'P072', 1, 3600, 'Credit Card', '2023-01-27 00:00:00', 'Delivered'),
(92, 'C081', 'P091', 2, 3400, 'Cash on Delivery', '2023-02-08 00:00:00', 'Pending'),
(93, 'C068', 'P041', 3, 12000, 'Credit Card', '2023-01-23 00:00:00', 'Pending'),
(94, 'C097', 'P029', 1, 15000, 'Credit Card', '2023-02-06 00:00:00', 'Returned'),
(95, 'C080', 'P022', 2, 220000, 'Net Banking', '2023-03-02 00:00:00', 'Shipped'),
(96, 'C007', 'P022', 3, 7500, 'Cash on Delivery', '2023-03-30 00:00:00', 'Pending'),
(97, 'C097', 'P045', 1, 3500, 'Cash on Delivery', '2023-02-01 00:00:00', 'Delivered'),
(98, 'C060', 'P060', 2, 500, 'UPI', '2023-01-14 00:00:00', 'Shipped'),
(99, 'C011', 'P063', 3, 30000, 'Net Banking', '2023-03-24 00:00:00', 'Cancelled'),
(100, 'C075', 'P066', 1, 2900, 'Net Banking', '2023-02-17 00:00:00', 'Cancelled');


INSERT INTO product (product_id, product_name, category, sub_category, original_price, selling_price, stock) VALUES
('P001', 'Laptop', 'Electronics', 'Computers', 70000, 65000, 20),
('P002', 'Smartphone', 'Electronics', 'Mobile Phones', 40000, 35000, 50),
('P003', 'Tablet', 'Electronics', 'Computers', 30000, 28000, 30),
('P004', 'Headphones', 'Electronics', 'Accessories', 3000, 2500, 100),
('P005', 'Smart Watch', 'Electronics', 'Wearable Devices', 15000, 14000, 40),
('P006', 'LED TV', 'Electronics', 'Home Appliances', 50000, 45000, 15),
('P007', 'Refrigerator', 'Home Appliances', 'Kitchen Appliances', 60000, 55000, 10),
('P008', 'Washing Machine', 'Home Appliances', 'Laundry', 45000, 40000, 12),
('P009', 'Air Conditioner', 'Home Appliances', 'Cooling', 35000, 32000, 8),
('P010', 'Microwave Oven', 'Home Appliances', 'Kitchen Appliances', 15000, 13000, 18),
('P011', 'Mixer Grinder', 'Home Appliances', 'Kitchen Appliances', 4000, 3500, 50),
('P012', 'Water Purifier', 'Home Appliances', 'Kitchen Appliances', 12000, 11000, 20),
('P013', 'Laptop Bag', 'Electronics', 'Accessories', 1500, 1200, 100),
('P014', 'Bluetooth Speaker', 'Electronics', 'Accessories', 5000, 4500, 60),
('P015', 'Digital Camera', 'Electronics', 'Cameras', 60000, 55000, 25),
('P016', 'Gaming Console', 'Electronics', 'Gaming', 40000, 38000, 35),
('P017', 'Fitness Band', 'Electronics', 'Wearable Devices', 5000, 4500, 70),
('P018', 'Electric Kettle', 'Home Appliances', 'Kitchen Appliances', 3000, 2800, 40),
('P019', 'Vacuum Cleaner', 'Home Appliances', 'Cleaning Appliances', 15000, 14000, 15),
('P020', 'Dishwasher', 'Home Appliances', 'Kitchen Appliances', 55000, 52000, 10),
('P021', 'Hair Dryer', 'Home Appliances', 'Personal Care', 2000, 1800, 60),
('P022', 'Trimmer', 'Home Appliances', 'Personal Care', 1500, 1300, 80),
('P023', 'Induction Cooktop', 'Home Appliances', 'Kitchen Appliances', 4000, 3700, 25),
('P024', 'Steam Iron', 'Home Appliances', 'Laundry', 3000, 2700, 50),
('P025', 'Water Heater', 'Home Appliances', 'Bathroom Appliances', 10000, 9000, 20),
('P026', 'Air Purifier', 'Home Appliances', 'Cooling', 25000, 23000, 15),
('P027', 'LED Bulb', 'Electronics', 'Lighting', 500, 400, 200),
('P028', 'Extension Cord', 'Electronics', 'Accessories', 800, 700, 150),
('P029', 'Smart Plug', 'Electronics', 'Accessories', 2000, 1800, 70),
('P030', 'Router', 'Electronics', 'Networking', 3000, 2700, 60),
('P031', 'External Hard Drive', 'Electronics', 'Storage', 8000, 7500, 30),
('P032', 'Power Bank', 'Electronics', 'Accessories', 2500, 2200, 80),
('P033', 'USB Flash Drive', 'Electronics', 'Storage', 1000, 800, 150),
('P034', 'Portable SSD', 'Electronics', 'Storage', 12000, 11000, 25),
('P035', 'WiFi Range Extender', 'Electronics', 'Networking', 3000, 2700, 40),
('P036', 'Smart LED Strip', 'Electronics', 'Lighting', 2000, 1700, 70),
('P037', 'Electric Shaver', 'Home Appliances', 'Personal Care', 3000, 2700, 50),
('P038', 'Smart Doorbell', 'Electronics', 'Home Security', 7000, 6500, 30),
('P039', 'Surveillance Camera', 'Electronics', 'Home Security', 10000, 9000, 20),
('P040', 'Fire TV Stick', 'Electronics', 'Accessories', 4000, 3500, 60),
('P041', 'Smart Thermostat', 'Electronics', 'Home Automation', 15000, 14000, 15),
('P042', 'Smart Light Switch', 'Electronics', 'Home Automation', 3000, 2700, 40),
('P043', 'Motion Sensor', 'Electronics', 'Home Security', 5000, 4500, 25),
('P044', 'Video Door Phone', 'Electronics', 'Home Security', 10000, 9500, 20),
('P045', 'Fingerprint Door Lock', 'Electronics', 'Home Security', 15000, 14000, 15),
('P046', 'Electric Scooter', 'Automotive', 'Vehicles', 100000, 95000, 8),
('P047', 'Helmet', 'Automotive', 'Safety', 3000, 2500, 100),
('P048', 'Car Vacuum Cleaner', 'Automotive', 'Accessories', 4000, 3500, 50),
('P049', 'Car Charger', 'Automotive', 'Accessories', 1500, 1200, 150),
('P050', 'Car GPS Navigator', 'Automotive', 'Accessories', 10000, 9000, 20),
('P051', 'Bike Cover', 'Automotive', 'Accessories', 1000, 800, 200),
('P052', 'Car Cover', 'Automotive', 'Accessories', 3000, 2500, 100),
('P053', 'Bike Tyre', 'Automotive', 'Parts', 3000, 2700, 60),
('P054', 'Car Tyre', 'Automotive', 'Parts', 6000, 5500, 40),
('P055', 'Car Battery', 'Automotive', 'Parts', 8000, 7500, 20),
('P056', 'Engine Oil', 'Automotive', 'Fluids', 1000, 900, 100),
('P057', 'Coolant', 'Automotive', 'Fluids', 800, 700, 120),
('P058', 'Car Air Freshener', 'Automotive', 'Accessories', 300, 250, 200),
('P059', 'Sun Shade', 'Automotive', 'Accessories', 1000, 800, 150),
('P060', 'Car Vacuum Pump', 'Automotive', 'Tools', 5000, 4500, 40),
('P061', 'Jump Starter', 'Automotive', 'Tools', 8000, 7500, 20),
('P062', 'Car Cleaning Kit', 'Automotive', 'Accessories', 1500, 1200, 80),
('P063', 'Car Bluetooth Adapter', 'Automotive', 'Accessories', 2000, 1700, 70),
('P064', 'Car Floor Mats', 'Automotive', 'Accessories', 3000, 2500, 100),
('P065', 'Electric Car', 'Automotive', 'Vehicles', 1500000, 1450000, 5),
('P066', 'Bike Chain Cleaner', 'Automotive', 'Tools', 800, 700, 150),
('P067', 'Car Scratch Remover', 'Automotive', 'Tools', 1200, 1000, 100),
('P068', 'Bike Tyre Inflator', 'Automotive', 'Tools', 2000, 1800, 70),
('P069', 'Car Pressure Washer', 'Automotive', 'Tools', 15000, 14000, 15),
('P070', 'Car Phone Mount', 'Automotive', 'Accessories', 1500, 1200, 80),
('P071', 'Car Dashboard Camera', 'Automotive', 'Tools', 10000, 9500, 20),
('P072', 'Motorbike Gloves', 'Automotive', 'Safety', 2000, 1800, 100),
('P073', 'Car Jack', 'Automotive', 'Tools', 5000, 4500, 50),
('P074', 'Portable Air Compressor', 'Automotive', 'Tools', 7000, 6500, 30),
('P075', 'Car Diagnostic Tool', 'Automotive', 'Tools', 12000, 11000, 20),
('P076', 'Bike Cover', 'Automotive', 'Accessories', 1000, 800, 150),
('P077', 'Car Sun Shade', 'Automotive', 'Accessories', 2000, 1700, 70),
('P078', 'Bike Phone Holder', 'Automotive', 'Accessories', 1500, 1200, 80),
('P079', 'Car Seat Cover', 'Automotive', 'Accessories', 4000, 3500, 50),
('P080', 'Car Rear View Camera', 'Automotive', 'Tools', 8000, 7500, 20),
('P081', 'Car LED Headlights', 'Automotive', 'Parts', 6000, 5500, 40),
('P082', 'Bike LED Headlights', 'Automotive', 'Parts', 3000, 2700, 60),
('P083', 'Car Oil Filter', 'Automotive', 'Parts', 1000, 900, 100),
('P084', 'Bike Oil Filter', 'Automotive', 'Parts', 500, 400, 150),
('P085', 'Car Fuel Pump', 'Automotive', 'Parts', 8000, 7500, 20),
('P086', 'Bike Fuel Pump', 'Automotive', 'Parts', 4000, 3500, 50),
('P087', 'Car Air Filter', 'Automotive', 'Parts', 2000, 1800, 70),
('P088', 'Bike Air Filter', 'Automotive', 'Parts', 1000, 800, 120),
('P089', 'Car Brake Pads', 'Automotive', 'Parts', 6000, 5500, 40),
('P090', 'Bike Brake Pads', 'Automotive', 'Parts', 3000, 2700, 60),
('P091', 'Car Wheel', 'Automotive', 'Parts', 12000, 11000, 20),
('P092', 'Bike Wheel', 'Automotive', 'Parts', 6000, 5500, 40),
('P093', 'Car Steering Wheel', 'Automotive', 'Parts', 10000, 9000, 20),
('P094', 'Bike Handlebar', 'Automotive', 'Parts', 4000, 3500, 50),
('P095', 'Car Battery Charger', 'Automotive', 'Tools', 15000, 14000, 15),
('P096', 'Bike Battery Charger', 'Automotive', 'Tools', 8000, 7500, 30),
('P097', 'Car Spare Wheel', 'Automotive', 'Parts', 15000, 14000, 15),
('P098', 'Bike Spare Wheel', 'Automotive', 'Parts', 8000, 7500, 30),
('P099', 'Car Seat Belt', 'Automotive', 'Safety', 3000, 2700, 50),
('P100', 'Bike Helmet', 'Automotive', 'Safety', 2000, 1800, 100);

